Commit,Feature Name, (Classif:Pattern) matched pattern, (VM:op) New, (VM:op) Removed, (VM:type) Bool-tri,(VM:type) Value, (VM:vis.) Visible ,(VM:vis.) Internal , (VM:opt.) Optional,(VM:opt.) Mandatory, (M:target) Folder,(M:target) C.U.,(M:target) CFF, (M:target_update) New with new asset, (M:target_update) New with existing asset,(M:target_update) Remove with asset,(M:target_update) Remove but preserved asset,(I:ccp_op) New condition wrapping new code,(I:ccp_op) New condition wrapping edited code,(I:ccp_op) New condition wrapping existing code,(I:ccp_op) Deleted condition with its code,(I:ccp_op) Deleted condition with code edit, (I:ccp_op) Deleted condition but preserve code,(I:ref_op) Add reference,(I:ref_op) Removed reference,
3e0a07f8c401bb43e0f964c5f1285b2cb2028645,PJ4B_ERRATA_4742,AVONMF,1,0,1,0,1,0,1,0,0,0,0,0,0,0,0,1,0,0,0,0,0,0,0,
bb69ee27b96110c509d5b92c9ee541d81a821706,MEDIA_ATTACH,-,1,0,1,0,0,1,1,0,0,0,0,0,0,0,0,0,0,0,0,0,0,0,0,
ab69bde6b2e9c37456eeb0051a185446336aef9f,ALX,AVOGMF,1,0,1,0,1,0,1,0,1,1,0,1,0,0,0,0,0,0,0,0,0,0,0,
691557941af4c12bd307ad81a4d9fa9c7743ac28,ARM_ERRATA_643719,AVONMF,1,0,1,0,1,0,1,0,0,0,0,0,0,0,0,1,0,0,0,0,0,0,0,
5efac94999ff218e0101f67a059e44abb4b0b523,ATH9K_LEGACY_RATE_CONTROL,FCUTVOF,1,0,1,0,1,0,1,0,0,1,0,0,1,0,0,0,0,1,0,0,0,0,0,
5efac94999ff218e0101f67a059e44abb4b0b523,ATH9K_RATE_CONTROL,MVOFNO,0,1,1,0,1,0,1,0,0,1,0,0,0,0,1,0,0,0,1,0,1,0,0,
26549c8d36a64d9130e4c0f32412be7ba6180923,FB_SIMPLE,AVOMF,1,0,1,0,1,0,1,0,0,1,0,1,0,0,0,0,0,0,0,0,0,0,0,
a11650e11093ed57dca78bf16e7836517c599098,RAPIDIO_ENUM_BASIC,FCUTVOF,1,0,1,0,1,0,1,0,0,1,0,0,1,0,0,0,0,0,0,0,0,0,0,
b4f711ee03d28f776fd2324fd0bd999cc428e4d2,ALWAYS_USE_PERSISTENT_CLOCK,-,0,1,1,0,0,1,1,0,0,0,0,0,0,0,0,0,0,0,0,0,0,0,0,
d6ffe1b8ecc59ae23524e408063dc7725f485f96,NODES_SHIFT,internal value feature change,1,0,0,1,0,1,0,1,0,0,0,0,0,0,0,0,0,0,0,0,0,0,0,
e7d5bab5efb94a82d80cab3ad68c357ce73ea596,GENERIC_GPIO,-,0,1,1,0,0,1,1,0,0,0,0,0,0,0,0,0,0,0,0,0,0,0,0,
60371952e1dd0d507039b2654c22083b32c38398,IRAM_ALLOC,RIMF,0,1,1,0,0,1,1,0,0,1,0,0,0,1,0,0,0,0,1,0,0,0,0,
4102b53392d6397d80b6e09b516517efacf7ea77,ARC_CACHE_VIPT_ALIASING,AVONMF,1,0,1,0,1,0,1,0,0,0,0,0,0,0,0,1,0,1,0,0,0,1,0,
0ab2b7d08ea7226dc72ff0f8c05f470566facf7c,CEVT_GIC,AVOMF,1,0,1,0,1,0,1,0,0,1,0,1,0,0,0,1,1,1,0,0,0,0,0,
bce860833ab1e40113eb0efab34d0c8f3b0226b1,CPU_MICROMIPS,AVOCFF,1,0,1,0,1,0,1,0,0,0,1,0,0,0,0,0,0,0,0,0,0,0,0,
8f371c7521545ee120364466514a4a2fc156c64f,LOCKDEP_SUPPORT,internal mandatory impl. feature change,1,0,1,0,0,1,0,1,0,0,0,0,0,0,0,0,0,0,0,0,0,0,0,
8f371c7521545ee120364466514a4a2fc156c64f,FRAME_POINTER,-,0,1,1,0,0,1,1,0,0,0,0,0,0,0,0,0,0,0,0,0,0,0,0,
c92931b200156e304350e3e9f138e6abfb1f2913,TRACE_IRQFLAGS_SUPPORT,internal mandatory impl. feature change,1,0,1,0,0,1,0,1,0,0,0,0,0,0,0,0,0,0,0,0,0,0,0,
5e44fd012bf3366e3a4c73a06f63756f92d39f06,KCORE_ELF,-,0,1,1,0,0,1,1,0,0,0,0,0,0,0,0,0,0,0,0,0,0,0,0,
e85e335f8ff615f74e29e09cc2599f095600114b,INITIALIZE_XTENSA_MMU_INSIDE_VMLINUX,AVONMF,1,0,1,0,1,0,1,0,0,0,0,0,0,0,0,1,0,0,0,0,0,0,0,
8b10acd74cdad9063c7a63468e31759d9ac877d9,PVPANIC,AVOMF,1,0,1,0,1,0,1,0,0,1,0,1,0,0,0,0,0,0,0,0,0,0,0,
2235a54deaba06cd814f0f5815c98ad4dd5a6c4f,KVM_GUEST,AVOCFF,1,0,1,0,1,0,1,0,0,0,1,0,0,0,0,0,0,0,0,0,0,0,0,
2235a54deaba06cd814f0f5815c98ad4dd5a6c4f,KVM_HOST_FREQ,AVMVF,1,0,0,1,1,0,0,1,0,0,0,0,0,0,0,0,0,0,0,0,0,0,0,
2235a54deaba06cd814f0f5815c98ad4dd5a6c4f,VIRTUALIZATION,AVOAF,1,0,1,0,1,0,1,0,0,0,0,0,0,0,0,0,0,0,0,0,0,0,0,
2235a54deaba06cd814f0f5815c98ad4dd5a6c4f,KVM,AVOGMF,1,0,1,0,1,0,1,0,1,0,0,1,0,0,0,0,0,0,0,0,0,0,0,
2235a54deaba06cd814f0f5815c98ad4dd5a6c4f,KVM_MIPS_DYN_TRANS,AVOAF,1,0,1,0,1,0,1,0,0,0,0,0,0,0,0,0,0,0,0,0,0,0,0,
2235a54deaba06cd814f0f5815c98ad4dd5a6c4f,KVM_MIPS_DEBUG_COP0_COUNTERS,AVOAF,1,0,1,0,1,0,1,0,0,0,0,0,0,0,0,0,0,0,0,0,0,0,0,
742ae1e35b038ed65ddd86182723441ea74db765,XFS_WARN,AVONMF,1,0,1,0,1,0,1,0,0,0,0,0,0,0,0,1,0,0,0,0,0,0,0,
9d50094dfec829a1361e595d5d09dfa0f2fe5057,DTB_MT7620A_EVAL,FCUTVOF,1,0,1,0,1,0,1,0,0,1,0,0,1,0,0,0,0,0,0,0,0,0,0,
6fbfe90e58b03c4126e3f21d9d9cc53c116003b2,DTB_RT3883_EVAL,FCUTVOF,1,0,1,0,1,0,1,0,0,1,0,0,1,0,0,0,0,0,0,0,0,0,0,
d99e19c799a6b48a5c6d733f5885862df5c77c70,DTB_RT2880_EVAL,FCUTVOF,1,0,1,0,1,0,1,0,0,1,0,0,1,0,0,0,0,0,0,0,0,0,0,
594bde683d36c3e950da3633ef4bd95328fcd5cc,SOC_MT7620,AVOMF,1,0,1,0,1,0,1,0,0,1,1,1,0,0,0,0,0,0,0,0,0,0,0,
293840b9997f2c0509ca65a4e02cacc371cc628c,SOC_RT3883,AVOMF,1,0,1,0,1,0,1,0,0,1,1,1,0,0,0,0,0,0,0,0,0,0,0,
80fb55a951df5974e12c935d9e7dd9103539fb8e,SOC_RT288X,AVOMF,1,0,1,0,1,0,1,0,0,1,1,1,0,0,0,0,0,0,0,0,0,0,0,
59b435d1ad48ac244058845e18586eb5719f7f99,MIPS_DISABLE_OBSOLETE_IDE,-,0,1,1,0,0,1,1,0,0,0,0,0,0,0,0,0,0,0,0,0,0,0,0,
be0c9bd4987d59d9425af53fa004d304197dc7f9,MIPS_BOARDS_GEN,-,0,1,1,0,0,1,1,0,0,0,0,0,0,0,0,0,0,0,0,0,0,0,0,
035114fbdbf8c88fbf80a160716be9d0078f01ee,DT_XLP_SVP,FCUTVOF,1,0,1,0,1,0,1,0,0,1,0,0,1,0,0,1,0,0,0,0,0,0,0,
2c8aaf71b0a4738ae8cb70d9367089bdb892aea3,BCM63XX_CPU_6362,AVONMF,1,0,1,0,1,0,1,0,0,0,0,0,0,0,0,1,0,0,0,0,0,0,0,
30650239adc9e4e9439256d6988e521518dccbb3,PPC_EARLY_DEBUG_MEMCONS,AVOMF,1,0,1,0,1,0,1,0,0,1,0,1,0,0,0,1,0,1,0,0,0,0,0,
30650239adc9e4e9439256d6988e521518dccbb3,PPC_MEMCONS_OUTPUT_SIZE,AVMVF,1,0,0,1,1,0,0,1,0,0,0,0,0,0,0,0,0,0,0,0,0,1,0,
30650239adc9e4e9439256d6988e521518dccbb3,PPC_MEMCONS_INPUT_SIZE,AVMVF,1,0,0,1,1,0,0,1,0,0,0,0,0,0,0,0,0,0,0,0,0,1,0,
200c880420a2c02a0899120ce52d801fad705b90,IRQSTACKS,AVONMF,1,0,1,0,1,0,1,0,0,0,0,0,0,0,0,1,0,0,0,0,0,0,0,
9372450cc22d185f708e5cc3557cf991be4b7dc5,DEBUG_STACKOVERFLOW,AVONMF,1,0,1,0,1,0,1,0,0,0,0,0,0,0,0,1,0,0,0,0,0,0,0,
072eb693904a52df95ac3d8e8ee00752ed82342c,ARC_PLAT_TB10X,AVOGMF,1,0,1,0,1,0,1,0,1,0,0,1,0,0,0,1,0,0,0,0,0,0,0,
072eb693904a52df95ac3d8e8ee00752ed82342c,GENERIC_GPIO,-,1,0,1,0,0,1,1,0,0,0,0,0,0,0,0,0,0,0,0,0,0,0,0,
6971881f2ae0e0208375dc40e1a9a4ce56f7c9d6,CMDLINE,RVMVF,0,1,0,1,1,0,0,1,0,0,0,0,0,0,0,0,0,0,0,0,0,0,1,
ac718b69301c7c07cd0d858570f76a0e1c4c8726,USB_RTL8152,AVOMF,1,0,1,0,1,0,1,0,0,1,0,1,0,0,0,1,0,0,0,0,0,0,0,
6d49ba1b47b9c6822d08f90af6f1a2d8ca1cf533,BTRFS_DEBUG,AVONMF,1,0,1,0,1,0,1,0,0,0,0,0,0,0,0,1,1,1,0,0,0,0,0,
74255aa07d292385ca3a4a4e8f0bc492d9bdd116,BTRFS_FS_RUN_SANITY_TESTS,AVONMF,1,0,1,0,1,0,1,0,0,0,0,0,0,0,0,1,0,0,0,0,0,0,0,
485cf5dac2966b93ef2b6211cf2fd42d66c823e6,GENERIC_IDLE_POLL_SETUP,-,1,0,1,0,0,1,1,0,0,0,0,0,0,0,0,0,0,0,0,0,0,0,0,
03b1781aa978aab345b5a85d8596f8615281ba89,SCSI_UFSHCD_PLATFORM,AVOMF,1,0,1,0,1,0,1,0,0,1,0,1,0,0,0,0,0,0,0,0,0,0,0,
181c04a357bb791587c55a99362c2fdde2c64f18,VHOST_SCSI,FCUTVOF,1,0,1,0,1,0,1,0,0,1,0,0,1,0,0,0,0,0,0,0,0,0,0,
181c04a357bb791587c55a99362c2fdde2c64f18,TCM_VHOST,MVOFNO,0,1,1,0,1,0,1,0,0,1,0,0,0,0,1,0,0,0,0,0,0,0,0,
a6a4834cdbef23a7db16e7598c8c6e427ac82531,SYS_SUPPORTS_MICROMIPS,AIMF,1,0,1,0,0,1,1,0,0,1,0,1,0,0,0,0,0,0,0,0,0,0,0,
41929798bb71a5997e4b8a760ab8e0dd4f592bb6,HEXAGON_VM,internal mandatory impl. feature change,0,1,1,0,0,1,0,1,0,0,0,0,0,0,0,0,0,0,0,0,0,0,0,
41929798bb71a5997e4b8a760ab8e0dd4f592bb6,HEXAGON_ANGEL_TRAPS,RVOAF,0,1,1,0,1,0,1,0,0,0,0,0,0,0,0,0,0,0,0,0,0,0,0,
65af3a3f89d726701c6436c4e223d9e2e7d525bc,GENERIC_FIND_NEXT_BIT,internal mandatory impl. feature change,0,1,1,0,0,1,0,1,0,0,0,0,0,0,0,0,0,0,0,0,0,0,0,
66b03dbfe605c2566cff55bde35372030aa4b3d0,HEXAGON_ARCH_VERSION,AVMVF,1,0,0,1,1,0,0,1,0,0,0,0,0,0,0,0,0,1,0,0,0,0,0,
66b03dbfe605c2566cff55bde35372030aa4b3d0,HEXAGON_ARCH_V1,-,0,1,1,0,0,1,1,0,0,0,1,0,0,0,1,0,0,0,0,0,0,0,0,
66b03dbfe605c2566cff55bde35372030aa4b3d0,HEXAGON_ARCH_V2,-,0,1,1,0,0,1,1,0,0,0,1,0,0,0,1,0,0,0,0,0,1,0,0,
66b03dbfe605c2566cff55bde35372030aa4b3d0,HEXAGON_ARCH_V3,-,0,1,1,0,0,1,1,0,0,0,1,0,0,0,1,0,0,0,0,0,1,0,0,
66b03dbfe605c2566cff55bde35372030aa4b3d0,HEXAGON_ARCH_V4,-,0,1,1,0,0,1,1,0,0,0,1,0,0,0,1,0,0,0,0,0,1,0,0,
8f5a0b9dffeb3cb94f2b0622b6fe0717512ef54b,HEXAGON_PHYS_OFFSET,internal mandatory impl. feature change,1,0,1,0,0,1,0,1,0,0,0,0,0,0,0,1,1,1,0,0,0,0,0,
446f24d1199e8a546ba7c97da3fbb9a505a94795,DEBUG_COPY_FROM_USER,RCINMF,0,1,1,0,0,1,1,0,0,0,0,0,0,0,0,0,0,0,1,0,1,0,0,
446f24d1199e8a546ba7c97da3fbb9a505a94795,ARCH_HAS_DEBUG_STRICT_USER_COPY_CHECKS,AIMF,1,0,1,0,0,1,1,0,0,1,0,0,1,0,0,0,0,0,0,0,0,0,0,
2535e0d723e4d7723b030f39fb350e436bdb983f,BINFMT_SCRIPT,FCUTVOF,1,0,1,0,1,0,1,0,0,1,0,0,1,0,0,0,0,0,0,0,0,0,0,
16c7fa05829e8b91db48e3539c5d6ff3c2b18a23,TEST_STRING_HELPERS,AVOMF,1,0,1,0,1,0,1,0,0,1,0,1,0,0,0,0,0,0,0,0,0,0,0,
18a1053f7b85acdda2428c9f694101070cb8e62a,SUDMAC,AVOMF,1,0,1,0,1,0,1,0,0,1,0,1,0,0,0,0,0,0,0,0,0,0,0,
189b4ee8e9daf349db80f47b81edec67d223a953,SH_DMAE_BASE,AVOGMF,1,0,1,0,1,0,1,0,1,1,0,1,1,0,0,0,0,0,0,0,0,0,0,
4cfbfa9714789d4bed3ea93859e36c2e04ac4b30,LCD_ILI922X,AVOMF,1,0,1,0,1,0,1,0,0,1,0,1,0,0,0,0,0,0,0,0,0,0,0,
4984c6f5e56c3e68922fd979347ba7aff385783b,SRAM,AVOMF,1,0,1,0,1,0,1,0,0,1,0,1,0,0,0,0,0,0,0,0,0,0,0,
68a2d20b79b105f02dcbc52c211d7e62f98996b7,FB_HYPERV,AVOMF,1,0,1,0,1,0,1,0,0,1,0,1,0,0,0,0,0,0,0,0,0,0,0,
74169f98c785e7f6b5e6f5a0c2707020b4fc7368,M5373EVB,AVOAF,1,0,1,0,1,0,1,0,0,0,0,0,0,0,0,0,0,0,0,0,0,0,0,
e9d9dc6ac2d7a87c84ae72ff391d3040e2ca5df2,M537x,AVOCFF,1,0,1,0,1,0,1,0,0,0,1,0,0,0,0,0,0,0,0,0,0,0,0,
6eac402783441543ffc582f5e6c942d488d848b0,M53xx,-,1,0,1,0,0,1,1,0,0,0,0,0,0,0,0,0,1,1,0,0,0,1,0,
5143661ff82792673787cd03b2b1bf9d63f60093,ROMVECSIZE,RVMVF,0,1,0,1,1,0,0,1,0,0,0,0,0,0,0,0,0,0,0,0,0,0,0,
2a5bab1004729f3302c776e53ee7c895b98bb1ce,KVM_DEVICE_ASSIGNMENT,FCUTVOF,1,0,1,0,1,0,1,0,0,1,0,0,1,0,0,1,1,0,0,0,0,0,0,
4923ee444a39c8b75027ed01a7812e940194dbec,ARCH_EXYNOS_SINGLE,MVOFNO,0,1,1,0,1,0,1,0,0,1,0,0,0,0,1,0,0,0,0,0,0,0,0,
4923ee444a39c8b75027ed01a7812e940194dbec,ARCH_EXYNOS4_SINGLE,RIMF,0,1,1,0,0,1,1,0,0,1,0,0,0,0,1,0,0,0,0,0,0,0,0,
4923ee444a39c8b75027ed01a7812e940194dbec,PLAT_SAMSUNG_SINGLE,RIMF,0,1,1,0,0,1,1,0,0,1,0,0,0,0,1,0,0,0,1,0,1,0,0,
bc5ad3f3701116e7db57268e6f89010ec714697e,KVM_XICS,AVOMF,1,0,1,0,1,0,1,0,0,1,0,1,0,0,0,1,1,0,0,0,0,0,0,
5df554ad5b7522ea62b0ff9d5be35183494efc21,KVM_MPIC,AVOMF,1,0,1,0,1,0,1,0,0,1,0,1,0,0,0,1,0,0,0,0,0,0,0,
a725d56a02ec3582bb5b9756f261fdc6962c79ee,HAVE_KVM_IRQ_ROUTING,-,1,0,1,0,0,1,1,0,0,0,0,0,0,0,0,0,0,1,0,0,0,0,0,
1ae90e79051318c34d5a75c2ef5b9a55bd22f2ed,ARCH_VEXPRESS,AVOAF,1,0,1,0,1,0,1,0,0,0,0,0,0,0,0,0,0,0,0,0,0,0,0,
30cc4587659e1c9b1bfade8b2a757d91e04758ab,NFC_LLCP,MVOFNO,0,1,1,0,1,0,1,0,0,1,0,0,0,0,1,0,0,0,1,0,1,0,0,
581618f226e83eb0fbe81ba2a623c6a55cbb7487,SMALL_STACK,RVOCFF,0,1,1,0,1,0,1,0,0,0,1,0,0,0,0,0,0,0,0,0,0,0,0,
ddb27f3bf771b53e0e7aa93d0186ea5c03381e23,GPIO_GRGPIO,AVOMF,1,0,1,0,1,0,1,0,0,1,0,1,0,0,0,0,0,0,0,0,0,0,0,
a486bdb0e9da8d876d6ff4efc3138d35e141c0b5,POWERNV_MSI,AVOAF,1,0,1,0,1,0,1,0,0,0,0,0,0,0,0,0,0,0,0,0,0,0,0,
f3f935a76aa0eee68da2b273a08d84ba8ffc7a73,CRYPTO_CAMELLIA_AESNI_AVX2_X86_64,AVOMF,1,0,1,0,1,0,1,0,0,1,0,1,0,0,0,0,0,0,0,0,0,0,0,
56d76c96a9f3e39ab733c5643b3ce5a1d4be242a,CRYPTO_SERPENT_AVX2_X86_64,AVOMF,1,0,1,0,1,0,1,0,0,1,0,1,0,0,0,0,0,0,0,0,0,0,0,
cf1521a1a5e21fd1e79a458605c4282fbfbbeee2,CRYPTO_TWOFISH_AVX2_X86_64,AVOMF,1,0,1,0,1,0,1,0,0,1,0,1,0,0,0,0,0,0,0,0,0,0,0,
604880107010a1e5794552d184cd5471ea31b973,CRYPTO_BLOWFISH_AVX2_X86_64,AVOMF,1,0,1,0,1,0,1,0,0,1,0,1,0,0,0,0,0,0,0,0,0,0,0,
93b5e86a6d13c5dec18c6611933fb38d7d80f0d2,CRYPTO_CMAC,AVOMF,1,0,1,0,1,0,1,0,0,1,0,1,0,0,0,0,0,0,0,0,0,0,0,
8c4196a2fd7c31acd6d02d9921f7896b8f160c92,HW_RANDOM_BCM2835,AVOMF,1,0,1,0,1,0,1,0,0,1,0,1,0,0,0,0,0,0,0,0,0,0,0,
87de4579f92dbe50e92f33b94f8688793c894571,CRYPTO_SHA512_SSSE3,AVOMF,1,0,1,0,1,0,1,0,0,1,0,1,1,0,0,0,0,0,0,0,0,0,0,
8275d1aa642295edd34a11a117080384bb9d65c2,CRYPTO_SHA256_SSSE3,AVOMF,1,0,1,0,1,0,1,0,0,1,0,1,1,0,0,0,0,0,0,0,0,0,0,
b8d26b3be8b33682cf163274ed07479a70554633,INFINIBAND_ISERT,AVOGMF,1,0,1,0,1,0,1,0,1,1,0,1,0,0,0,0,0,0,0,0,0,0,0,
e8db288e05e588ad3f416b3a24354d60d02f35f2,MCPM,AVOMF,1,0,1,0,1,0,1,0,0,1,0,1,0,0,0,0,0,0,0,0,0,0,0,
fa3cb2191091657038ddb9207888b6cfb11fdf6e,COMEDI_NI_LABPC_ISA,AVONMF,1,0,1,0,1,0,1,0,0,0,0,0,0,0,0,1,1,1,0,0,0,0,0,
fa3cb2191091657038ddb9207888b6cfb11fdf6e,COMEDI_NI_LABPC_PCI,AVOMF,1,0,1,0,1,0,1,0,0,1,0,1,0,0,0,0,0,0,0,0,0,0,0,
d43f81cbaf43531a977e8b4c4427f19acf8a5061,DRM_TEGRA_STAGING,AVONMF,1,0,1,0,1,0,1,0,0,0,0,0,0,0,0,1,0,0,0,0,0,0,0,
6579324a41cc414009a601738b70a53d6376325c,TEGRA_HOST1X_FIREWALL,AVONMF,1,0,1,0,1,0,1,0,0,0,0,0,0,0,0,0,0,0,0,0,0,1,0,
754716874389ccbea5ee03174df8ad9e72e41880,TEGRA_HOST1X,AVOGMF,1,0,1,0,1,0,1,0,1,1,0,1,0,0,0,0,0,0,0,0,0,0,0,
f11899894c0a683c754ca71b45f7c9c3d35a3a1c,CLKSRC_SAMSUNG_PWM,AIMF,1,0,1,0,0,1,1,0,0,1,0,1,0,0,0,0,0,0,0,0,0,0,0,
ccdfcc398594ddf3f77348c5a10938dbe9efefbe,NETLINK_MMAP,AVONMF,1,0,1,0,1,0,1,0,0,0,0,0,0,0,0,1,0,0,0,0,0,0,0,
f33cb17d1dd68d78accf46db96ced2dc7b4563c3,PC300,RVOCFF,0,1,1,0,1,0,1,0,0,0,1,0,0,0,0,0,0,0,0,0,0,0,0,
f33cb17d1dd68d78accf46db96ced2dc7b4563c3,PC300_MLPPP,RVOMF,0,1,1,0,1,0,1,0,0,1,0,0,0,1,0,0,0,0,1,0,0,0,0,
9b8e1a5e4670b3b24c0e35c0884b4185f17fceab,MFD_SI476X_CORE,FCUTVOF,1,0,1,0,1,0,1,0,0,1,0,0,1,0,0,0,0,0,0,0,0,0,0,
f98823ac758ba1aa77c6e3f8ad4ef3ad84ee0a7c,NO_HZ_FULL_ALL,FCFTVOF,1,0,1,0,1,0,1,0,0,0,0,0,0,0,0,0,0,1,0,0,0,0,0,
bd51de53e1be9896d815bbea30560262216d4616,ARCH_EXYNOS_SINGLE,FCUTVOF,1,0,1,0,1,0,1,0,0,1,0,0,1,0,0,0,0,0,0,0,0,0,0,
bd51de53e1be9896d815bbea30560262216d4616,ARCH_EXYNOS4_SINGLE,AIMF,1,0,1,0,0,1,1,0,0,1,0,0,1,0,0,0,0,0,0,0,0,0,0,
bd51de53e1be9896d815bbea30560262216d4616,PLAT_SAMSUNG_SINGLE,AIMF,1,0,1,0,0,1,1,0,0,1,0,0,1,0,0,1,0,1,0,0,0,0,0,
a2e407104769d64e01556d4c335bb6478e1e7f3c,DEBUG_EXYNOS_UART,-,1,0,1,0,0,1,1,0,0,0,0,0,0,0,0,0,0,0,0,0,0,0,0,
b4cf27f7735f9e5d80f3e79fcf355ced15461219,EXYNOS_ATAGS,AVOAF,1,0,1,0,1,0,1,0,0,0,0,0,0,0,0,0,0,0,0,0,0,0,0,
9a4a5574ce427c364d81746fc7fb82d86b5f1a7e,HID_APPLEIR,AVOMF,1,0,1,0,1,0,1,0,0,1,0,1,0,0,0,0,0,0,0,0,0,0,0,
b879a9c2a755d4ddf9e685258de6435710fd2f03,RADIO_SI476X,AVOMF,1,0,1,0,1,0,1,0,0,1,0,1,0,0,0,0,0,0,0,0,0,0,0,
46c74751c2be904d6a23c63e7ccb990d46496fd6,PPC_A2_DD2,RVOAF,0,1,1,0,1,0,1,0,0,0,0,0,0,0,0,0,0,0,0,0,0,0,0,
0eaf2255c372395c33658dec17c641a3c3be7d22,MPC10X_OPENPIC,-,0,1,1,0,0,1,1,0,0,0,0,0,0,0,0,0,0,0,0,0,0,0,0,
89d269ff2ea514bf2769e3f2d0466b60e83ff6bd,405EP,-,0,1,1,0,0,1,1,0,0,0,0,0,0,0,0,0,0,0,0,0,0,0,0,
45b02f8d94e3d86e77bde061b79b66cb5cfc6aaa,MAX_ACTIVE_REGIONS,internal value feature change,0,1,0,1,0,1,0,1,0,0,0,0,0,0,0,0,0,0,0,0,0,0,0,
933ee7119fb14156f46dc8bce8218f62db13c568,PPC_PREP,RVONMF,0,1,1,0,1,0,1,0,0,0,0,0,0,0,0,0,0,0,1,0,0,0,0,
933ee7119fb14156f46dc8bce8218f62db13c568,PREP_RESIDUAL,RVOAF,0,1,1,0,1,0,1,0,0,0,0,0,0,0,0,0,0,0,0,0,0,0,0,
7d5480fe00991f1b6f1ef18fba0ffde3d8266221,405GPR,-,0,1,1,0,0,1,1,0,0,0,0,0,0,0,0,0,0,0,0,0,0,0,0,
a29a194a15df9840b24c6c383a9a9a1236979db5,TIPC_MEDIA_IB,AVOMF,1,0,1,0,1,0,1,0,0,1,0,1,0,0,0,1,0,0,0,0,0,0,0,
28c4468b00a1e55e08cc20117de968f7c6275441,SND_SOC_GENERIC_DMAENGINE_PCM,-,1,0,1,0,0,1,1,0,0,0,0,0,0,0,0,0,0,0,0,0,0,0,0,
d68772b7c83f4b518be15ae96f4827c8ed02f684,EFIVAR_FS,AVOGMF,1,0,1,0,1,0,1,0,1,1,0,1,0,0,0,0,0,0,0,0,0,0,0,
b81dfaa01f7057dde4a6356740c023db4e2ce83b,I2C_ARB_GPIO_CHALLENGE,AVOMF,1,0,1,0,1,0,1,0,0,1,0,1,0,0,0,0,0,0,0,0,0,0,0,
33a31edd4a4b7d26b962b32decfd8ea2377eaa0d,MFD_SI476X_CORE,MVOFNO,0,1,1,0,1,0,1,0,0,1,0,0,0,0,1,0,0,0,0,0,0,0,0,
82cd0b278fddc1c0bc7e187ff82fd0e273520233,RADIO_SI476X,RVOMF,0,1,1,0,1,0,1,0,0,1,0,0,0,1,0,0,0,0,0,0,0,0,0,
d190e8195b90bc1e65c494fe08e54e9e581bfd16,GENERIC_IDLE_LOOP,RCINMF,0,1,1,0,0,1,1,0,0,0,0,0,0,0,0,0,0,0,1,0,1,0,0,
0bbb06ed564d211d10eae12bdb423fce6178468f,SENSORS_AB8500,AVOMF,1,0,1,0,1,0,1,0,0,1,0,1,0,0,0,0,0,0,0,0,0,0,0,
1d87a8f2911fe6c22416f4a5dc5e0362f5bb9ef4,ATARI_ETHERNEC,AVONMF,1,0,1,0,1,0,1,0,0,0,0,0,0,0,0,1,0,0,0,0,0,0,0,
736b24db32a806f79b43511e461321981bcfd5bf,ATARI_ETHERNAT,AVONMF,1,0,1,0,1,0,1,0,0,0,0,0,0,0,0,1,0,0,0,0,0,0,0,
84b16b7b0d5c818fadc731a69965dc76dce0c91e,ATARI_ROM_ISA,AVONMF,1,0,1,0,1,0,1,0,0,0,0,0,0,0,0,1,1,1,0,0,0,0,0,
7fd2bf3d325478e6715cce3ede7de641ff596183,GENERIC_GPIO,-,0,1,1,0,0,1,1,0,0,0,0,0,0,0,0,0,0,0,0,0,0,0,0,
bb03dceb83852614ae3ad6b3731a31422890b0b9,NFC_PN544_MEI,FCUTVOF,1,0,1,0,1,0,1,0,0,1,0,0,1,0,0,0,0,0,0,0,0,0,0,
4912e2fe74811693703e9b4e21bf36c067643a03,NFC_MEI_PHY,AVOMF,1,0,1,0,1,0,1,0,0,1,0,1,0,0,0,0,0,0,0,0,0,0,0,
5b533f4ff5b6d8f2442f2ac82ca1530ff3f55267,HZ_PERIODIC,AVOAF,1,0,1,0,1,0,1,0,0,0,0,0,0,0,0,0,0,0,0,0,0,0,0,
5b533f4ff5b6d8f2442f2ac82ca1530ff3f55267,PERIODIC_HZ,RVOAF,0,1,1,0,1,0,1,0,0,0,0,0,0,0,0,0,0,0,0,0,0,0,0,
c5bfece2d6129131b4ade985e63bc35ddf5868d4,NO_HZ_FULL,FCFTVOF,1,0,1,0,1,0,1,0,0,0,0,0,0,0,0,0,1,1,0,0,0,0,0,
c5bfece2d6129131b4ade985e63bc35ddf5868d4,NO_HZ_EXTENDED,FCFTVOF,0,1,1,0,1,0,1,0,0,0,0,0,0,0,0,0,0,0,0,1,1,0,0,
1b2e98bc1e35ebe1f65c3db62c8317096ad7f2c8,DMA_ACPI,AIMF,1,0,1,0,0,1,1,0,0,1,0,1,0,0,0,1,0,0,0,0,0,0,0,
13be5432d8721d89cadae105663761f45f427842,DA8XX_REMOTEPROC,AVOMF,1,0,1,0,1,0,1,0,0,1,0,1,0,0,0,0,0,0,0,0,0,0,0,
3778d05036cc7ddd983ae2451da579af00acdac2,VIDEO_DM365_ISIF,FCUTVOF,1,0,1,0,1,0,1,0,0,1,0,0,1,0,0,0,0,0,0,0,0,0,0,
3778d05036cc7ddd983ae2451da579af00acdac2,VIDEO_DAVINCI_VPIF,MVOFNO,0,1,1,0,1,0,1,0,0,1,0,0,0,0,1,0,0,0,0,0,0,0,0,
3778d05036cc7ddd983ae2451da579af00acdac2,VIDEO_VPSS_SYSTEM,MVOFNO,0,1,1,0,1,0,1,0,0,1,0,0,0,0,1,0,0,0,0,0,0,0,0,
3778d05036cc7ddd983ae2451da579af00acdac2,VIDEO_VPFE_CAPTURE,MVOFNO,0,1,1,0,1,0,1,0,0,1,0,0,0,0,1,0,0,0,0,0,0,0,0,
3778d05036cc7ddd983ae2451da579af00acdac2,VIDEO_ISIF,MVOFNO,0,1,1,0,1,0,1,0,0,1,0,0,0,0,1,0,0,0,0,0,0,0,0,
2a6aba8585c0f56d24daf53bfff29c91bcf0db8a,RAMSTER_DEBUG,FCUTVOF,1,0,1,0,1,0,1,0,0,1,0,0,1,0,0,0,0,1,0,0,0,0,0,
22691aec19371c0817565c3af54e276884e908ee,COMEDI_AMPLC_PC263,RIMF,0,1,1,0,0,1,1,0,0,1,0,0,0,0,1,0,0,0,0,0,0,0,0,
668761ac01d6f5a36b8e5a24d4e154550e2c4c3b,BRCMFMAC_SDIO_OOB,RVONMF,0,1,1,0,1,0,1,0,0,0,0,0,0,0,0,0,0,0,1,1,1,0,0,
9abd5f0555df6cd36130feb742f1def6d99c60fe,COMMON_CLK_SI5351,AVOMF,1,0,1,0,1,0,1,0,0,1,0,1,0,0,0,0,0,0,0,0,0,0,0,
e95dddb34c896f33e89f97365491e7932f89a0c0,HAVE_IMX_ANATOP,AIMF,1,0,1,0,0,1,1,0,0,1,0,1,0,0,0,0,0,0,0,0,0,0,0,
61fc41317666be400802ac793f47de816ef7bd57,ARCH_HAS_RESET_CONTROLLER,-,1,0,1,0,0,1,1,0,0,0,0,0,0,0,0,0,0,0,0,0,0,0,0,
61fc41317666be400802ac793f47de816ef7bd57,RESET_CONTROLLER,AVOGMF,1,0,1,0,1,0,1,0,1,1,0,1,0,0,0,0,0,0,0,0,0,0,0,
f64122c1f6ade301585569863b4b3b18f6e4e332,DRM_QXL,AVOGMF,1,0,1,0,1,0,1,0,1,1,0,1,0,0,0,0,0,0,0,0,0,0,0,
1157f69bee295987952bf0cbbcbc419d497eb51c,USB_SERIAL_WISHBONE,AVOMF,1,0,1,0,1,0,1,0,0,1,0,1,0,0,0,0,0,0,0,0,0,0,0,
b49977a60dff529c1242f2d427774ea55885bc0b,USB_DWC2_DEBUG_PERIODIC,AVONMF,1,0,1,0,1,0,1,0,0,0,0,0,0,0,0,1,0,0,0,0,0,0,0,
0a43cd3b1cc1b7e1dfc461cf55b414610d038769,DEBUG_PXA_UART1,AVONMF,1,0,1,0,1,0,1,0,0,0,0,0,0,0,0,1,0,0,0,0,0,0,0,
98d4f2acb91ac4a839eab6b92f02f57986af2197,MACH_CLOUDBOX_DT,FCUTVOF,1,0,1,0,1,0,1,0,0,1,0,0,1,0,0,1,0,0,0,0,0,0,0,
af7837c78d789d1d9972a52f0c5ad8c955d6b53e,B4_QDS,AVOMF,1,0,1,0,1,0,1,0,0,1,0,1,1,0,0,0,0,0,0,0,0,0,0,
9f4c350d520e848b122dce3eb5b566ca635b98ca,MPC10X_OPENPIC,-,0,1,1,0,0,1,1,0,0,0,0,0,0,0,0,0,0,0,0,0,0,0,0,
781b0e870c72be8a24c074073547e74e7b9bffd6,ARCH_HAS_DEFAULT_IDLE,internal mandatory impl. feature change,0,1,1,0,0,1,0,1,0,0,0,0,0,0,0,0,0,0,0,0,0,0,0,
cd19965a5e80abfa1a83a1fdc35f38c93972e209,FB_OMAP_CONSISTENT_DMA_SIZE,RVMVF,0,1,0,1,1,0,0,1,0,0,0,0,0,0,0,0,0,0,0,0,0,0,0,
49d7b5bfb79cd5f8141a2998e2f4003d0ed65e5c,ARM_EXYNOS5440_CPUFREQ,AIMF,1,0,1,0,0,1,1,0,0,1,0,1,0,0,0,0,0,0,0,0,0,0,0,
9c5320c8ea8b8423edca2c40cd559f1ce9496dab,X86_AMD_FREQ_SENSITIVITY,AVOMF,1,0,1,0,1,0,1,0,0,1,0,1,0,0,0,0,0,0,0,0,0,0,0,
6eb1c377423572374518f5be93214d139d113090,CBE_CPUFREQ,RVOMF,0,1,1,0,1,0,1,0,0,1,0,0,0,1,0,0,0,0,0,0,0,0,0,
6eb1c377423572374518f5be93214d139d113090,CBE_CPUFREQ_PMI_ENABLE,RVOAF,0,1,1,0,1,0,1,0,0,0,0,0,0,0,0,0,0,0,0,0,0,0,0,
6eb1c377423572374518f5be93214d139d113090,CBE_CPUFREQ_PMI,RIMF,0,1,1,0,0,1,1,0,0,1,0,0,0,1,0,0,0,0,1,0,0,0,0,
6eb1c377423572374518f5be93214d139d113090,CPU_FREQ_CBE,FCUTVOF,1,0,1,0,1,0,1,0,0,1,0,0,1,0,0,0,0,0,0,0,0,0,0,
6eb1c377423572374518f5be93214d139d113090,CPU_FREQ_CBE_PMI,FCUTVOF,1,0,1,0,1,0,1,0,0,1,0,0,1,0,0,1,0,0,0,0,0,0,0,
764295ae675bb252de3637e36a6602a9aed7de6b,US3_FREQ,RVOMF,0,1,1,0,1,0,1,0,0,1,0,0,0,1,0,0,0,0,0,0,0,0,0,
764295ae675bb252de3637e36a6602a9aed7de6b,US2E_FREQ,RVOMF,0,1,1,0,1,0,1,0,0,1,0,0,0,1,0,0,0,0,0,0,0,0,0,
764295ae675bb252de3637e36a6602a9aed7de6b,SPARC_US3_CPUFREQ,FCUTVOF,1,0,1,0,1,0,1,0,0,1,0,0,1,0,0,0,0,0,0,0,0,0,0,
764295ae675bb252de3637e36a6602a9aed7de6b,SPARC_US2E_CPUFREQ,FCUTVOF,1,0,1,0,1,0,1,0,0,1,0,0,1,0,0,0,0,0,0,0,0,0,0,
7a9989356b23fa2c7731632d3b575c53c1ac8bce,MIPS_CPUFREQ,-,0,1,1,0,0,1,1,0,1,0,0,0,0,1,0,0,0,0,0,0,0,0,0,
81c720c90e6fbda5a1f53f932035de899f27adb6,CPU_FREQ_AT32AP,RVOMF,0,1,1,0,1,0,1,0,0,1,0,0,0,1,0,0,0,0,0,0,0,0,0,
81c720c90e6fbda5a1f53f932035de899f27adb6,AVR32_AT32AP_CPUFREQ,FCUTVOF,1,0,1,0,1,0,1,0,0,1,0,0,1,0,0,0,0,0,0,0,0,0,0,
59a2e613d07fbd592ff711c87458eabcf9c98902,CPU_FREQ_SA1100,RIMF,0,1,1,0,0,1,1,0,0,1,0,0,0,1,0,0,0,0,0,0,0,0,0,
59a2e613d07fbd592ff711c87458eabcf9c98902,CPU_FREQ_SA1110,RIMF,0,1,1,0,0,1,1,0,0,1,0,0,0,1,0,0,0,0,0,0,0,0,0,
59a2e613d07fbd592ff711c87458eabcf9c98902,ARM_SA1100_CPUFREQ,AIMF,1,0,1,0,0,1,1,0,0,1,0,0,1,0,0,0,0,0,0,0,0,0,0,
59a2e613d07fbd592ff711c87458eabcf9c98902,ARM_SA1110_CPUFREQ,AIMF,1,0,1,0,0,1,1,0,0,1,0,1,0,0,0,0,0,0,0,0,0,0,0,
fcbc51e54d2aa9d402206601f4894251049e5d77,DRM_IMX_TVE,AVOMF,1,0,1,0,1,0,1,0,0,1,0,1,0,0,0,0,0,0,0,0,0,0,0,
4c3ffffdbca2e6f6f5125fa7b149d87a13f92c94,ARCH_MSM_SCORPIONMP,-,0,1,1,0,0,1,1,0,0,0,0,0,0,0,0,0,0,0,0,0,0,0,0,
21e59123a8737544bfdc547e6fbb63aef2f9d284,PINCTRL_IMX6SL,AVOAF,1,0,1,0,1,0,1,0,0,0,0,0,0,0,0,0,0,0,0,0,0,0,0,
3442a7b51d1cfae144f3289ab0be44e27c236f53,MACH_MX21,-,0,1,1,0,0,1,1,0,0,0,0,0,0,0,0,0,0,0,0,0,0,0,0,
3442a7b51d1cfae144f3289ab0be44e27c236f53,ARCH_MX5,-,0,1,1,0,0,1,1,0,0,0,0,0,0,0,0,0,0,0,0,0,0,0,0,
3442a7b51d1cfae144f3289ab0be44e27c236f53,ARCH_MX51,-,0,1,1,0,0,1,1,0,0,0,0,0,0,0,0,0,0,0,0,0,0,0,0,
3442a7b51d1cfae144f3289ab0be44e27c236f53,ARCH_MX53,-,0,1,1,0,0,1,1,0,0,0,0,0,0,0,0,0,0,0,0,0,0,0,0,
e27da53bae60247d87c29cf744fb92afce673d6a,IMX_HAVE_PLATFORM_AHCI,RIMF,0,1,1,0,0,1,1,0,0,1,0,0,0,1,0,0,0,0,0,0,0,0,0,
5628832f4c2c2604d5c99f3c2ff8aa73b0b121b8,BINFMT_ELF,internal mandatory impl. feature change,0,1,1,0,0,1,0,1,0,0,0,0,0,0,0,0,0,0,0,0,0,0,0,
fbf8e13d31bafd1fd1135627b1eaaf70520cb8ab,ARC_CANT_LLSC,-,1,0,1,0,0,1,1,0,0,0,0,0,0,0,0,0,0,0,0,0,0,0,0,
fbf8e13d31bafd1fd1135627b1eaaf70520cb8ab,ARC_HAS_COH_LLSC,-,0,1,1,0,0,1,1,0,0,0,0,0,0,0,0,0,0,0,0,0,0,0,0,
d95c785500f60c59e4257385af2cfee7d4044809,MFD_WM8350_CONFIG_MODE_0,-,0,1,1,0,0,1,1,0,0,0,0,0,0,0,0,0,0,0,0,0,0,0,0,
d95c785500f60c59e4257385af2cfee7d4044809,MFD_WM8350_CONFIG_MODE_1,-,0,1,1,0,0,1,1,0,0,0,0,0,0,0,0,0,0,0,0,0,0,0,0,
d95c785500f60c59e4257385af2cfee7d4044809,MFD_WM8350_CONFIG_MODE_2,-,0,1,1,0,0,1,1,0,0,0,0,0,0,0,0,0,0,0,0,0,0,0,0,
d95c785500f60c59e4257385af2cfee7d4044809,MFD_WM8350_CONFIG_MODE_3,-,0,1,1,0,0,1,1,0,0,0,0,0,0,0,0,0,0,0,0,0,0,0,0,
d95c785500f60c59e4257385af2cfee7d4044809,MFD_WM8351_CONFIG_MODE_0,-,0,1,1,0,0,1,1,0,0,0,0,0,0,0,0,0,0,0,0,0,0,0,0,
d95c785500f60c59e4257385af2cfee7d4044809,MFD_WM8351_CONFIG_MODE_1,-,0,1,1,0,0,1,1,0,0,0,0,0,0,0,0,0,0,0,0,0,0,0,0,
d95c785500f60c59e4257385af2cfee7d4044809,MFD_WM8351_CONFIG_MODE_2,-,0,1,1,0,0,1,1,0,0,0,0,0,0,0,0,0,0,0,0,0,0,0,0,
d95c785500f60c59e4257385af2cfee7d4044809,MFD_WM8351_CONFIG_MODE_3,-,0,1,1,0,0,1,1,0,0,0,0,0,0,0,0,0,0,0,0,0,0,0,0,
d95c785500f60c59e4257385af2cfee7d4044809,MFD_WM8352_CONFIG_MODE_0,-,0,1,1,0,0,1,1,0,0,0,0,0,0,0,0,0,0,0,0,0,0,0,0,
d95c785500f60c59e4257385af2cfee7d4044809,MFD_WM8352_CONFIG_MODE_1,-,0,1,1,0,0,1,1,0,0,0,0,0,0,0,0,0,0,0,0,0,0,0,0,
d95c785500f60c59e4257385af2cfee7d4044809,MFD_WM8352_CONFIG_MODE_2,-,0,1,1,0,0,1,1,0,0,0,0,0,0,0,0,0,0,0,0,0,0,0,0,
d95c785500f60c59e4257385af2cfee7d4044809,MFD_WM8352_CONFIG_MODE_3,-,0,1,1,0,0,1,1,0,0,0,0,0,0,0,0,0,0,0,0,0,0,0,0,
61dd726131777017348b70bd8576b42994a8ffa2,PINCTRL_S3C64XX,AVOMF,1,0,1,0,1,0,1,0,0,1,0,1,0,0,0,1,0,0,0,0,0,0,0,
119fd635e383c1a58990e5805acc29f48ed3e360,SUN4I_TIMER,AIMF,1,0,1,0,0,1,1,0,0,1,0,0,1,0,0,0,0,0,0,0,0,0,0,
119fd635e383c1a58990e5805acc29f48ed3e360,SUNXI_TIMER,RIMF,0,1,1,0,0,1,1,0,0,1,0,0,0,1,0,0,0,0,0,0,0,0,0,
9773696105534dd5193576adfe4a0117a6489c64,USB_EHCI_HCD_AT91,FCUTVOF,1,0,1,0,1,0,1,0,0,1,0,0,1,0,0,0,1,0,0,0,0,1,0,
7675d6ba436f8439fc524ee0b42dc562cb1bc74e,USB_EHCI_HCD_SPEAR,FCUTVOF,1,0,1,0,1,0,1,0,0,1,0,0,1,0,0,0,1,0,0,0,0,1,0,
a76dd463c58efa5dfd72c3dd41f5a76b196f7ab1,USB_EHCI_HCD_ORION,FCUTVOF,1,0,1,0,1,0,1,0,0,1,0,0,1,0,0,0,1,0,0,0,0,1,0,
d166991234347215dc23fc9dc15a63a83a1a54e1,GENERIC_IDLE_LOOP,ACINMF,1,0,1,0,0,1,1,0,0,0,0,0,0,0,0,1,0,1,0,0,0,0,0,
fe72e27368265a99f6a0a189a5d593aac320a59d,EXYNOS_DEV_DRM,-,0,1,1,0,0,1,1,0,0,0,0,0,0,0,0,0,0,0,0,0,0,0,0,
0fa8794e65348a08722aa3eed9df0034bca8d4cb,ACPI_DEBUG_FUNC_TRACE,RVOAF,0,1,1,0,1,0,1,0,0,0,0,0,0,0,0,0,0,0,0,0,0,0,0,
f87b95dd2e4a8832b1d6034f15a5324db42608a0,DEBUG_UX500_UART,AVOAF,1,0,1,0,1,0,1,0,0,0,0,0,0,0,0,0,0,0,0,0,0,0,0,
b7e614c8bf5c898b172d7dfed9853fdda35be5cc,CPU_FREQ_INTEGRATOR,RVOMF,0,1,1,0,1,0,1,0,0,1,0,0,0,1,0,0,0,0,0,0,0,0,0,
b7e614c8bf5c898b172d7dfed9853fdda35be5cc,ARM_INTEGRATOR,FCUTVOF,1,0,1,0,1,0,1,0,0,1,0,0,1,0,0,0,0,0,0,0,0,0,0,
cffc96eb4f91ba0f974b352a28b15f84950bd776,CPU_FREQ_PXA,-,0,1,1,0,0,1,1,0,0,0,0,0,0,0,0,0,0,0,0,0,0,0,0,
e1eb49063b301fd885fca63e2f24d1dac1d65d0e,SENSORS_LM95234,AVOMF,1,0,1,0,1,0,1,0,0,1,0,1,0,0,0,0,0,0,0,0,0,0,0,
9de2e2e84e7d52e4c2a9e1a1e21ab6ac686233c0,SENSORS_NCT6775,AVOMF,1,0,1,0,1,0,1,0,0,1,0,1,0,0,0,0,0,0,0,0,0,0,0,
51c2a4871c1b47255ff8d74f0a86b2a0defff319,SENSORS_ADT7X10,AIMF,1,0,1,0,0,1,1,0,0,1,0,1,0,0,0,0,0,0,0,0,0,0,0,
51c2a4871c1b47255ff8d74f0a86b2a0defff319,SENSORS_ADT7310,AVOMF,1,0,1,0,1,0,1,0,0,1,0,1,0,0,0,0,0,0,0,0,0,0,0,
f333a331adfacf8c7a9dbf7e5f72b10a0356156b,SPI_TEGRA114,AVOMF,1,0,1,0,1,0,1,0,0,1,0,1,0,0,0,0,0,0,0,0,0,0,0,
e8beacbb85a5c1de1117400c5ddb450514a8372c,SPI_FSL_CPM,AIMF,1,0,1,0,0,1,1,0,0,1,0,1,0,0,0,0,0,0,0,0,0,0,0,
dcf8abfcb0816adfb9bb175cbea00d7a1a2cae69,MTD_H720X,RVOMF,0,1,1,0,1,0,1,0,0,1,0,0,0,1,0,0,0,0,0,0,0,0,0,
75d0c37419abd3757e139c7bbb20d52e12d2791e,MTD_ONENAND_SIM,RVOMF,0,1,1,0,1,0,1,0,0,1,0,0,0,1,0,0,0,0,0,0,0,0,0,
660685d9d1b4730f0b5ca97fa95f272f99c63bce,MTD_CHAR,MVOFNO,0,1,1,0,1,0,1,0,0,1,0,0,0,0,1,0,0,0,1,0,1,0,0,
660685d9d1b4730f0b5ca97fa95f272f99c63bce,HAVE_MTD_OTP,RCINMF,0,1,1,0,0,1,1,0,0,0,0,0,0,0,0,0,0,0,1,0,1,0,0,
c188a141672e4e3d6428ba53c9b709b8b631d8d5,MTD_NAND_H1900,RVOMF,0,1,1,0,1,0,1,0,0,1,0,0,0,1,0,0,0,0,0,0,0,0,0,
3e6f9aff773c48fb2a589754abe6584f2bdc3095,MTD_NAND_PPCHAMELEONEVB,RVOMF,0,1,1,0,1,0,1,0,0,1,0,0,0,1,0,0,0,0,0,0,0,0,0,
b08a25ade20542d43881c94c6fd4e03f90c1f096,MTD_IXP2000,RVOMF,0,1,1,0,1,0,1,0,0,1,0,0,0,1,0,0,0,0,0,0,0,0,0,
bece641c967a8fa76cae718daa46c36a0c298cc7,MTD_DILNETPC,RVOMF,0,1,1,0,1,0,1,0,0,1,0,0,0,1,0,0,0,0,0,0,0,0,0,
bece641c967a8fa76cae718daa46c36a0c298cc7,MTD_DILNETPC_BOOTSIZE,RVMVF,0,1,0,1,1,0,0,1,0,0,0,0,0,0,0,0,0,0,0,0,0,0,1,
a312c87ab019bca1400e4082a14c3e1c3d8f884d,MTD_TQM8XXL,RVOMF,0,1,1,0,1,0,1,0,0,1,0,0,0,1,0,0,0,0,0,0,0,0,0,
83bfc0d1a728ffdd367b169f8fb1594c8423ddd8,MTD_RPXLITE,RVOMF,0,1,1,0,1,0,1,0,0,1,0,0,0,1,0,0,0,0,0,0,0,0,0,
2c319041368ce126a473a123ba0746bac5bd7fe9,MTD_MBX860,RVOMF,0,1,1,0,1,0,1,0,0,1,0,0,0,1,0,0,0,0,0,0,0,0,0,
f708364b676a2e6817124392dc5f1731a33cf25b,MTD_DMV182,RVOMF,0,1,1,0,1,0,1,0,0,1,0,0,0,1,0,0,0,0,0,0,0,0,0,
e6828b1b7af084d1271779eeeaf079dfd0c38dac,MTD_DBOX2,RVOMF,0,1,1,0,1,0,1,0,0,1,0,0,0,1,0,0,0,0,0,0,0,0,0,
b5a6c3095f0b8c69b1e5c4bacb7ee13069f2688d,MTD_DOC2000,RVOMF,0,1,1,0,1,0,1,0,0,1,0,0,0,1,0,0,0,0,0,0,0,0,0,
b5a6c3095f0b8c69b1e5c4bacb7ee13069f2688d,MTD_DOC2001,RVOMF,0,1,1,0,1,0,1,0,0,1,0,0,0,1,0,0,0,0,0,0,0,0,0,
b5a6c3095f0b8c69b1e5c4bacb7ee13069f2688d,MTD_DOC2001PLUS,RVOMF,0,1,1,0,1,0,1,0,0,1,0,0,0,1,0,0,0,0,0,0,0,0,0,
02f57fe448618722ed713fe1002894ead9981310,MTD_NAND_RTC_FROM4,RVOMF,0,1,1,0,1,0,1,0,0,1,0,0,0,1,0,0,0,0,0,0,0,0,0,
f7025a43a9da26fb79684c6b75ddfe6b1b5986bf,MTD_NAND_MUSEUM_IDS,RVONMF,0,1,1,0,1,0,1,0,0,0,0,0,0,0,0,0,0,0,1,0,0,0,0,
6af6dc2d2aa654e928ed0a64c28724d1cd2c36c1,KEYBOARD_CROS_EC,AVOMF,1,0,1,0,1,0,1,0,0,1,0,1,0,0,0,0,0,0,0,0,0,0,0,
a17d94f0b6e1581391378dcb11c18ddebf6dcf8e,MFD_CROS_EC_SPI,AVOMF,1,0,1,0,1,0,1,0,0,1,0,1,0,0,0,0,0,0,0,0,0,0,0,
89969009485fa9e62814afaa438c12c45d7d2def,MFD_CROS_EC_I2C,AVOMF,1,0,1,0,1,0,1,0,0,1,0,1,0,0,0,0,0,0,0,0,0,0,0,
4ab6174e8cdb007cf500e484bdf454b8d14d524a,MFD_CROS_EC,AVOMF,1,0,1,0,1,0,1,0,0,1,0,1,0,0,0,0,0,0,0,0,0,0,0,
b8d9834a1258460311a7b318cd851eb323dd63cd,VIDEO_EXYNOS4_FIMC_IS,AVOMF,1,0,1,0,1,0,1,0,0,1,0,1,1,0,0,0,0,0,0,0,0,0,0,
d696e3f6585ddeb7bddbf0783b649fa669459a5c,MACH_MXS_DT,MVOFNO,0,1,1,0,1,0,1,0,0,1,0,0,0,0,1,0,0,0,0,0,0,0,0,
4f0f234fce1d263cc9881456352e8fd56ead0514,CADENCE_TTC_TIMER,AIMF,1,0,1,0,0,1,1,0,0,1,0,0,1,0,0,0,0,0,0,0,0,0,0,
dc1010860b03a0db7683bafb69a4bc2310f4d9ec,GPIO_VT8500,RVOMF,0,1,1,0,1,0,1,0,0,1,0,0,0,1,0,0,0,0,0,0,0,0,0,
170c6152aebc5538db22dbdf56fba11ccba7a6f4,PINCTRL_WMT,AIMF,1,0,1,0,0,1,1,0,0,1,0,1,0,0,0,0,0,0,0,0,0,0,0,
170c6152aebc5538db22dbdf56fba11ccba7a6f4,PINCTRL_VT8500,AVOMF,1,0,1,0,1,0,1,0,0,1,0,1,0,0,0,0,0,0,0,0,0,0,0,
170c6152aebc5538db22dbdf56fba11ccba7a6f4,PINCTRL_WM8505,AVOMF,1,0,1,0,1,0,1,0,0,1,0,1,0,0,0,0,0,0,0,0,0,0,0,
170c6152aebc5538db22dbdf56fba11ccba7a6f4,PINCTRL_WM8650,AVOMF,1,0,1,0,1,0,1,0,0,1,0,1,0,0,0,0,0,0,0,0,0,0,0,
170c6152aebc5538db22dbdf56fba11ccba7a6f4,PINCTRL_WM8750,AVOMF,1,0,1,0,1,0,1,0,0,1,0,1,0,0,0,0,0,0,0,0,0,0,0,
170c6152aebc5538db22dbdf56fba11ccba7a6f4,PINCTRL_WM8850,AVOMF,1,0,1,0,1,0,1,0,0,1,0,1,0,0,0,0,0,0,0,0,0,0,0,
3ca277e41914ab344214ed50a41c14c48ae973f3,PERIODIC_HZ,AVOAF,1,0,1,0,1,0,1,0,0,0,0,0,0,0,0,0,0,0,0,0,0,0,0,
3ca277e41914ab344214ed50a41c14c48ae973f3,NO_HZ_IDLE,AVOAF,1,0,1,0,1,0,1,0,0,0,0,0,0,0,0,0,0,0,0,0,0,0,0,
3451d0243c3cdfd729b36f9684a14659d4895ca3,NO_HZ_COMMON,-,1,0,1,0,0,1,1,0,0,0,0,0,0,0,0,0,1,1,0,0,0,1,0,
1d8fc2518c1cddef0902b0a2c51946732a0982fc,USB_F_OBEX,AIMF,1,0,1,0,0,1,1,0,0,1,0,0,1,0,0,0,0,0,0,0,0,0,0,
60540ea2c51fa4feb475f689adce56297cb52010,USB_F_SERIAL,AIMF,1,0,1,0,0,1,1,0,0,1,0,0,1,0,0,0,0,0,0,0,0,0,0,
3cc828fdb32281cc8166d3a40bee32b90ce3cad8,MACH_LAGER,AVOMF,1,0,1,0,1,0,1,0,0,1,0,1,0,0,0,0,0,0,0,0,0,0,0,
78ded16886f539830ed58d9bc043656c1785a082,MACH_APE6EVM,AVOMF,1,0,1,0,1,0,1,0,0,1,0,1,0,0,0,0,0,0,0,0,0,0,0,
53e42c2974feaa269bc485267d0a4df0ef55e549,MACH_BOCKW,AVOMF,1,0,1,0,1,0,1,0,0,1,0,1,0,0,0,0,0,0,0,0,0,0,0,
c98f6c21afaf4692886cea0f5b63ead9945d85cc,PINCTRL_PFC_R8A73A4,AIMF,1,0,1,0,0,1,1,0,0,1,0,1,0,0,0,1,0,0,0,0,0,0,0,
119f5e448d32c11faf22fe81f6f2d78467a47149,GPIO_RCAR,AVOMF,1,0,1,0,1,0,1,0,0,1,0,1,0,0,0,0,0,0,0,0,0,0,0,
2fc72cd8354e3e9c4893fc082614266ddb599902,AK8975,AVOMF,1,0,1,0,1,0,1,0,0,1,0,1,0,0,0,0,0,0,0,0,0,0,0,
2fc72cd8354e3e9c4893fc082614266ddb599902,SENSORS_AK8975,MVOFNO,0,1,1,0,1,0,1,0,0,1,0,0,0,0,1,0,0,0,0,0,0,0,0,
bffd1f8ac87a798515a8aed5f64047b182e049f5,EXYNOS_THERMAL_EMUL,RVONMF,0,1,1,0,1,0,1,0,0,0,0,0,0,0,0,0,0,0,1,0,1,0,0,
8a67f0ef2b684b34162d39e8f436fe39e9635a19,ARM_BIG_LITTLE_CPUFREQ,AIMF,1,0,1,0,0,1,1,0,0,1,0,1,0,0,0,0,0,0,0,0,0,0,0,
8a67f0ef2b684b34162d39e8f436fe39e9635a19,ARM_DT_BL_CPUFREQ,AVOMF,1,0,1,0,1,0,1,0,0,1,0,1,0,0,0,0,0,0,0,0,0,0,0,
fa0d654c84c7705d90a2492b4611e1da7ccdf69c,ARMADA_THERMAL,AVOMF,1,0,1,0,1,0,1,0,0,1,0,1,0,0,0,0,0,0,0,0,0,0,0,
0468b2d6b6ae71699c22e67701e23d6ca8ff3046,ARCH_R8A7790,AVOMF,1,0,1,0,1,0,1,0,0,1,0,1,0,0,0,0,0,0,0,0,0,0,0,
ccb7cc749f78166178184f77dd95ea24db9d5bb0,ARCH_R8A7778,AVOMF,1,0,1,0,1,0,1,0,0,1,0,1,0,0,0,0,0,0,0,0,0,0,0,
eccf0607e450f5c6ca2af5d826d9308e8cdb6848,ARCH_R8A73A4,AVOMF,1,0,1,0,1,0,1,0,0,1,0,1,0,0,0,0,0,0,0,0,0,0,0,
8b138d4898a006d94de9fd8eab8cb8c49c08ba7e,RTL8188EE,AVOGMF,1,0,1,0,1,0,1,0,1,1,0,1,0,0,0,0,0,0,0,0,0,0,0,
48a1d032c954b9b06c3adbf35ef4735dd70ab757,LEDS_TRIGGER_CAMERA,AVOMF,1,0,1,0,1,0,1,0,0,1,0,1,0,0,0,1,0,0,0,0,0,0,0,
ff45262a85dbf1bc74463c5dcea1d71a406d4d8e,LEDS_LP5562,AVOMF,1,0,1,0,1,0,1,0,0,1,0,1,0,0,0,0,0,0,0,0,0,0,0,
842db74a2b02d4caa07ece65a834e7715c419c23,MACH_OMAP_HTCWIZARD,RVOAF,0,1,1,0,1,0,1,0,0,0,0,0,0,0,0,0,0,0,0,0,0,0,0,
180cb7d6ab8cb2a48f11fe2bdde85aa3ab359c3a,CPU_FREQ_IMX,RVOMF,0,1,1,0,1,0,1,0,0,1,0,0,0,1,0,0,0,0,1,0,0,0,0,
b9e7196ecdf6d7cd7a41b560e596c9af94413c05,MPC512x_GENERIC,FCUTVOF,1,0,1,0,1,0,1,0,0,1,0,0,1,0,0,0,0,0,0,0,0,0,0,
b9e7196ecdf6d7cd7a41b560e596c9af94413c05,MPC5121_GENERIC,RVOMF,0,1,1,0,1,0,1,0,0,1,0,0,0,1,0,0,0,0,0,0,0,0,0,
9a23fe65cf36efc6cb40e96405a3f142c7732805,CPU_IDLE_KIRKWOOD,MVOFNO,0,1,1,0,1,0,1,0,0,1,0,0,0,0,1,0,0,0,0,0,0,0,0,
56fa1a6a6a7da91e7ece8b01b0ae8adb2926e434,VIDEO_SAMSUNG_EXYNOS4_IS,AVOGMF,1,0,1,0,1,0,1,0,1,0,0,1,0,0,0,0,0,0,0,0,0,0,0,
56fa1a6a6a7da91e7ece8b01b0ae8adb2926e434,VIDEO_SAMSUNG_S5P_FIMC,RVOGMF,0,1,1,0,1,0,1,0,1,0,0,0,0,1,0,0,0,0,0,0,0,0,0,
02feda1758755f2b5dbed060bdffda5e5b0244ba,QLCNIC_SRIOV,AVOMF,1,0,1,0,1,0,1,0,0,1,0,1,0,0,0,1,0,0,0,0,0,0,0,
4f48203881ce947a0cbd8ae7b1a1a1b04aaa3766,USB_DEFAULT_PERSIST,FCFTVOF,1,0,1,0,1,0,1,0,0,0,0,0,0,0,0,0,0,1,0,0,0,0,0,
79a63c60a6a2ae589e44529401e0ab1150e9408a,CYPRESS_FIRMWARE,AVOMF,1,0,1,0,1,0,1,0,0,1,0,1,0,0,0,0,0,0,0,0,0,0,0,
79a63c60a6a2ae589e44529401e0ab1150e9408a,DVB_USB_CYPRESS_FIRMWARE,MVOFNO,0,1,1,0,1,0,1,0,0,1,0,0,0,0,1,0,0,0,0,0,0,0,0,
30bac9110455402fa8888740c6819dd3daa2666f,RADIO_SI476X,AVOMF,1,0,1,0,1,0,1,0,0,1,0,1,0,0,0,0,0,0,0,0,0,0,0,
3f8ec5df11aa2ad7402cfb3368532a96b63426a4,MFD_SI476X_CORE,FCUTVOF,1,0,1,0,1,0,1,0,0,1,0,0,1,0,0,0,0,0,0,0,0,0,0,
fddddb52a6c4e2438f4514ed979183653ca0732a,MVEBU_MBUS,AIMF,1,0,1,0,0,1,1,0,0,1,0,1,0,0,0,0,0,0,0,0,0,0,0,
f236f5aabe8ebd7824590ae82d701402ead237e7,MACH_READYNAS_DT,AVOMF,1,0,1,0,1,0,1,0,0,1,0,1,0,0,0,1,0,0,0,0,0,0,0,
84ebc10294a3d7be4c66f51070b7aedbaa24de9b,USB_SUSPEND,RVONMF,0,1,1,0,1,0,1,0,0,0,0,0,0,0,0,0,0,0,1,1,1,0,1,
62194200e5e383af2085faf35b6f009364446069,PINCTRL_PXA3xx,RIMF,0,1,1,0,0,1,1,0,0,1,0,0,0,1,0,0,0,0,0,0,0,0,0,
62194200e5e383af2085faf35b6f009364446069,PINCTRL_MMP2,RVOMF,0,1,1,0,1,0,1,0,0,1,0,0,0,1,0,0,0,0,0,0,0,0,0,
62194200e5e383af2085faf35b6f009364446069,PINCTRL_PXA168,RVOMF,0,1,1,0,1,0,1,0,0,1,0,0,0,1,0,0,0,0,0,0,0,0,0,
62194200e5e383af2085faf35b6f009364446069,PINCTRL_PXA910,RVOMF,0,1,1,0,1,0,1,0,0,1,0,0,0,1,0,0,0,0,0,0,0,0,0,
4a7d666a7202744af32d4da31fb52857b7d86850,STMMAC_RING,MVOFNO,0,1,1,0,1,0,1,0,0,1,0,0,0,0,1,0,0,0,0,1,0,0,0,
4a7d666a7202744af32d4da31fb52857b7d86850,STMMAC_CHAINED,MVOFNO,0,1,1,0,1,0,1,0,0,1,0,0,0,0,1,0,0,0,0,0,0,0,0,
c54419321455631079c7d6e60bc732dd0c5914c5,NET_IP_TUNNEL,AIMF,1,0,1,0,0,1,1,0,0,1,0,0,1,0,0,0,0,0,0,0,0,0,0,
911af505ef407c2511106c224dd640f882f0f590,RCU_NOCB_CPU_NONE,AVONMF,1,0,1,0,1,0,1,0,0,0,0,0,0,0,0,1,0,0,0,0,0,0,0,
911af505ef407c2511106c224dd640f882f0f590,RCU_NOCB_CPU_ZERO,AVONMF,1,0,1,0,1,0,1,0,0,0,0,0,0,0,0,1,0,0,0,0,0,0,0,
911af505ef407c2511106c224dd640f882f0f590,RCU_NOCB_CPU_ALL,AVONMF,1,0,1,0,1,0,1,0,0,0,0,0,0,0,0,1,0,0,0,0,0,0,0,
8f4b47949f61eb7f68f458d56a661a7842e67c44,SOC_SAMA5,-,1,0,1,0,0,1,1,0,0,0,0,0,0,0,0,0,0,0,0,0,0,0,0,
8f4b47949f61eb7f68f458d56a661a7842e67c44,SOC_SAM_V7,AVOAF,1,0,1,0,1,0,1,0,0,0,0,0,0,0,0,0,0,0,0,0,0,0,0,
8f4b47949f61eb7f68f458d56a661a7842e67c44,SOC_SAMA5D3,AVOMF,1,0,1,0,1,0,1,0,0,1,0,1,0,0,0,1,0,0,0,0,0,0,0,
8f4b47949f61eb7f68f458d56a661a7842e67c44,MACH_SAMA5_DT,AVOMF,1,0,1,0,1,0,1,0,0,1,0,1,0,0,0,0,0,0,0,0,0,0,0,
8f0cdcc5700d9f9508385f41f6047fca82334eba,SOC_SAM_V4_V5,AVOAF,1,0,1,0,1,0,1,0,0,0,0,0,0,0,0,0,0,0,0,0,0,0,0,
fc05b6571dc1054c31fc7bb1cdaa186c28f7de79,AT91_SAM9_TIME,AIMF,1,0,1,0,0,1,1,0,0,1,0,0,1,0,0,0,0,0,0,0,0,0,0,
54f69b92f037f4ff5779e5645ab714dee5b59095,DUMMY_IRQ,AVOMF,1,0,1,0,1,0,1,0,0,1,0,1,0,0,0,0,0,0,0,0,0,0,0,
097ca6a347fbef554e9453180f1269147f68144f,TI_SOC_THERMAL,AVOGMF,1,0,1,0,1,0,1,0,1,1,0,1,0,0,0,0,0,0,0,0,0,0,0,
097ca6a347fbef554e9453180f1269147f68144f,TI_THERMAL,FCUTVOF,1,0,1,0,1,0,1,0,0,1,0,0,1,0,0,0,0,1,0,0,0,0,0,
097ca6a347fbef554e9453180f1269147f68144f,OMAP_BANDGAP,MVOFNO,0,1,1,0,1,0,1,0,1,1,0,0,0,0,1,0,0,0,0,0,0,0,0,
097ca6a347fbef554e9453180f1269147f68144f,OMAP_THERMAL,MVOFNO,0,1,1,0,1,0,1,0,0,1,0,0,0,0,1,0,0,0,0,0,1,0,0,
ce44bf5b5544cbe6358abb01f039361a99b80901,SSBI,AVOGMF,1,0,1,0,1,0,1,0,1,1,0,1,1,0,0,0,0,0,0,0,0,0,0,
ce44bf5b5544cbe6358abb01f039361a99b80901,MSM_SSBI,MVOFNO,0,1,1,0,1,0,1,0,1,1,0,0,0,0,1,0,0,0,0,0,0,0,0,
e44b0ceee4cc2a926225e73ac1e20b9a5bb22c2d,MSM_SSBI,AVOGMF,1,0,1,0,1,0,1,0,1,1,0,1,0,0,0,1,0,0,0,0,0,0,0,
e129c97494096fbda451619d746d661a05abba64,VIDEO_GO7007_LOADER,AVOMF,1,0,1,0,1,0,1,0,0,1,0,1,1,0,0,0,0,0,0,0,0,0,0,
3acd16ab5c1c4e2a679c5c3e082db648f0e85100,VIDEO_GO7007_OV7640,MVOFNO,0,1,1,0,1,0,1,0,0,1,0,0,0,0,1,0,0,0,0,0,0,0,0,
3acd16ab5c1c4e2a679c5c3e082db648f0e85100,VIDEO_GO7007_SAA7113,MVOFNO,0,1,1,0,1,0,1,0,0,1,0,0,0,0,1,0,0,0,0,0,0,0,0,
3acd16ab5c1c4e2a679c5c3e082db648f0e85100,VIDEO_GO7007_SAA7115,MVOFNO,0,1,1,0,1,0,1,0,0,1,0,0,0,0,1,0,0,0,0,0,0,0,0,
3acd16ab5c1c4e2a679c5c3e082db648f0e85100,VIDEO_GO7007_TW9903,MVOFNO,0,1,1,0,1,0,1,0,0,1,0,0,0,0,1,0,0,0,0,0,0,0,0,
3acd16ab5c1c4e2a679c5c3e082db648f0e85100,VIDEO_GO7007_UDA1342,MVOFNO,0,1,1,0,1,0,1,0,0,1,0,0,0,0,1,0,0,0,0,0,0,0,0,
3acd16ab5c1c4e2a679c5c3e082db648f0e85100,VIDEO_GO7007_SONY_TUNER,MVOFNO,0,1,1,0,1,0,1,0,0,1,0,0,0,0,1,0,0,0,0,0,0,0,0,
3acd16ab5c1c4e2a679c5c3e082db648f0e85100,VIDEO_GO7007_TW2804,MVOFNO,0,1,1,0,1,0,1,0,0,1,0,0,0,0,1,0,0,0,0,0,0,0,0,
cafe563591446cf80bfbc2fe3bc72a2e36cf1060,BCACHE,AVOGMF,1,0,1,0,1,0,1,0,1,1,0,1,0,0,0,1,0,0,0,0,0,0,0,
cafe563591446cf80bfbc2fe3bc72a2e36cf1060,BCACHE_DEBUG,AVONMF,1,0,1,0,1,0,1,0,0,0,0,0,0,0,0,1,0,0,0,0,0,0,0,
cafe563591446cf80bfbc2fe3bc72a2e36cf1060,BCACHE_EDEBUG,AVONMF,1,0,1,0,1,0,1,0,0,0,0,0,0,0,0,1,0,0,0,0,0,0,0,
cafe563591446cf80bfbc2fe3bc72a2e36cf1060,BCACHE_CLOSURES_DEBUG,AVONMF,1,0,1,0,1,0,1,0,0,0,0,0,0,0,0,1,0,0,0,0,0,0,0,
51b53dc991ae7eebc5d45b06d576da6486fbf823,SENSORS_IIO_HWMON,AVOMF,1,0,1,0,1,0,1,0,0,1,0,1,0,0,0,0,0,0,0,0,0,0,0,
51b53dc991ae7eebc5d45b06d576da6486fbf823,IIO_ST_HWMON,MVOFNO,0,1,1,0,1,0,1,0,0,1,0,0,0,0,1,0,0,0,0,0,0,0,0,
d9acae6baf41c0561f8c532b20cfd955fd1edc2d,KCORE_ELF,-,0,1,1,0,0,1,1,0,0,0,0,0,0,0,0,0,0,0,0,0,0,0,0,
1dda7bbe113ad9f314c382e8309928e557361222,SEMAPHORE_SLEEPERS,internal mandatory impl. feature change,0,1,1,0,0,1,0,1,0,0,0,0,0,0,0,0,0,0,0,0,0,0,0,
1dda7bbe113ad9f314c382e8309928e557361222,DEFAULT_MIGRATION_COST,internal value feature change,0,1,0,1,0,1,0,1,0,0,0,0,0,0,0,0,0,0,0,0,0,0,0,
b3b665b0a9d13d731a61aeed92a02c1c9c55cd70,MMC_SDHCI_SIRF,AVOMF,1,0,1,0,1,0,1,0,0,1,0,1,0,0,0,0,0,0,0,0,0,0,0,
91cf54feecf815bec0b6a8d6d9dbd0e219f2f2cc,MMC_ATMELMCI_DMA,FCFTVOF,0,1,1,0,1,0,1,0,0,0,0,0,0,0,0,0,0,0,0,0,1,0,0,
9b5645b51384d094b4b3230c491530382ea5c7bb,IPDDP_DECAP,RVOAF,0,1,1,0,1,0,1,0,0,0,0,0,0,0,0,0,0,0,0,0,0,0,0,
bd338d07087c7e41922ce96f39c0a39bedeb1f23,SMDK2440_CPU2442,RVOAF,0,1,1,0,1,0,1,0,0,0,0,0,0,0,0,0,0,0,0,0,0,0,0,
6e8c4a274c6704088ab2d59fe92b092196ada2a1,S3C_GPIO_CFG_S3C64XX,-,0,1,1,0,0,1,1,0,0,0,0,0,0,0,0,0,0,0,0,0,0,0,0,
7707c572be6924e300da6f160d2900e63e561248,S3C_BOOT_WATCHDOG,RVOAF,0,1,1,0,1,0,1,0,0,0,0,0,0,0,0,0,0,0,0,0,0,0,0,
eaaa31392690c7609f7afeec5ba38a79d009842d,NETLINK_DIAG,AVOMF,1,0,1,0,1,0,1,0,0,1,0,1,0,0,0,0,0,0,0,0,0,0,0,
2655f51d0afd2087fb3e0e6a996610e06032d754,POWER_RESET_VEXPRESS,AIMF,1,0,1,0,0,1,1,0,0,1,0,0,1,0,0,0,0,0,0,0,0,0,0,
a831881be220358a1d28c5d95d69449fb6d623ca,NO_HZ_EXTENDED,AVONMF,1,0,1,0,1,0,1,0,0,0,0,0,0,0,0,1,0,0,0,0,0,0,0,
503efe5cfc9fb9f67a6659c4ab39174b442876f3,SMS_SIANO_DEBUGFS,AVOMF,1,0,1,0,1,0,1,0,0,1,0,1,0,0,0,1,0,0,0,0,0,0,0,
5de8875281e1db024d67cbd5c792264194bfca2a,CRYPTO_DEV_SAHARA,AVOMF,1,0,1,0,1,0,1,0,0,1,0,1,0,0,0,0,0,0,0,0,0,0,0,
bdde6b3c8ba48fa5847b6d75f0541c8b8db9205c,ARCH_HIBERNATION_POSSIBLE,-,1,0,1,0,0,1,1,0,0,0,0,0,0,0,0,0,0,0,0,0,0,0,0,
1ab0a67601ca7be81bfaaa0a2540ee0d0393f40b,SPARC_GRPCI2,FCUTVOF,1,0,1,0,1,0,1,0,0,1,0,0,1,0,0,0,0,0,0,0,0,0,0,
1ab0a67601ca7be81bfaaa0a2540ee0d0393f40b,GRPCI2,MVOFNO,0,1,1,0,1,0,1,0,0,1,0,0,0,0,1,0,0,0,0,0,0,0,0,
d8650106b4627b4686d56d8090a3d61b8ea001cd,SPARC_GRPCI1,AVOMF,1,0,1,0,1,0,1,0,0,1,0,1,0,0,0,0,0,0,0,0,0,0,0,
2b8660ed3bfe95523561e6d6a6f1ce91389006b1,ARCH_POPULATES_NODE_MAP,internal mandatory impl. feature change,0,1,1,0,0,1,0,1,0,0,0,0,0,0,0,0,0,0,0,0,0,0,0,
0d2e1a2926b1839a4b74519e660739b2566c9386,CAIF_VIRTIO,AVOMF,1,0,1,0,1,0,1,0,0,1,0,1,0,0,0,0,0,0,0,0,0,0,0,
f87d0fbb579818fed3eeb0923cc253163ab93039,VHOST_RING,AIMF,1,0,1,0,0,1,1,0,1,1,0,1,0,0,0,0,0,0,0,0,0,0,0,
0e646c52cf0ee186ec50b41c4db8cf81500c8dd1,COMMON_CLK_AXI_CLKGEN,AVOMF,1,0,1,0,1,0,1,0,0,1,0,1,0,0,0,0,0,0,0,0,0,0,0,
e7b64391baff6969adeb7b0152c0317a9398fdda,ARCH_H720X,RVOCFF,0,1,1,0,1,0,1,0,0,0,1,0,0,0,0,0,0,0,0,0,0,0,0,
e7b64391baff6969adeb7b0152c0317a9398fdda,ARCH_H7201,RVOMF,0,1,1,0,1,0,1,0,0,1,0,0,0,1,0,0,0,0,1,0,0,0,0,
e7b64391baff6969adeb7b0152c0317a9398fdda,ARCH_H7202,RVOMF,0,1,1,0,1,0,1,0,0,1,0,0,0,1,0,0,0,0,1,0,0,0,0,
e7b64391baff6969adeb7b0152c0317a9398fdda,CPU_H7201,RIMF,0,1,1,0,0,1,1,0,0,1,0,0,0,1,0,0,0,0,1,0,0,0,0,
e7b64391baff6969adeb7b0152c0317a9398fdda,CPU_H7202,RIMF,0,1,1,0,0,1,1,0,0,1,0,0,0,1,0,0,0,0,1,0,0,0,0,
e7b64391baff6969adeb7b0152c0317a9398fdda,H7202_SERIAL23,RVONMF,0,1,1,0,1,0,1,0,0,0,0,0,0,0,0,0,0,0,1,0,0,0,0,
6f8da5df8c451103e0043f73a00c90676da6be9e,CHARGER_TPS65090,AVOMF,1,0,1,0,1,0,1,0,0,1,0,1,0,0,0,0,0,0,0,0,0,0,0,
939ec51dc7d055bb2cb8977a4c026d9dc85438dd,RT2800USB_RT55XX,AVOAF,1,0,1,0,1,0,1,0,0,0,0,0,0,0,0,0,0,0,0,0,0,0,0,
d4fe49e54527f6f4c3b0ab2ca2bad68e27bf0d00,ARCH_ATLAS6,AVONMF,1,0,1,0,1,0,1,0,0,0,0,0,0,0,0,1,0,0,0,0,0,0,0,
b8b82b2983e5b7bccca3a037c886e2aad86aaeea,MACH_KZM9G_REFERENCE,AVOMF,1,0,1,0,1,0,1,0,0,1,0,1,0,0,0,0,0,0,0,0,0,0,0,
73d6a69e3b3ae168fcb8d797e427c1b5fe132a40,MACH_MARZEN_REFERENCE,AVOMF,1,0,1,0,1,0,1,0,0,1,0,1,0,0,0,0,0,0,0,0,0,0,0,
fbc83b7f59dd8ed1154286b6de00b6d03c24a3c4,RENESAS_IRQC,AIMF,1,0,1,0,0,1,1,0,0,1,0,1,0,0,0,0,0,0,0,0,0,0,0,
443580486e3b96578928c1c91e8fbdcf0c9c9c7f,RENESAS_INTC_IRQPIN,AIMF,1,0,1,0,0,1,1,0,0,1,0,1,0,0,0,0,0,0,0,0,0,0,0,
416cf0b49e67254676b4762d1bab88df5130f909,ATH6KL_TRACING,AVOMF,1,0,1,0,1,0,1,0,0,1,0,1,0,0,0,1,0,0,0,0,0,0,0,
b52767581765d3d1a1ba7106674791e540574704,SAMSUNG_USB3PHY,AVOMF,1,0,1,0,1,0,1,0,0,1,0,1,0,0,0,0,0,0,0,0,0,0,0,
dc2377d0b0a298ec9d7d232c0d757f462dedcca2,SAMSUNG_USB2PHY,AVOMF,1,0,1,0,1,0,1,0,0,1,0,1,0,0,0,0,0,0,0,0,0,0,0,
fd891498751f53dda3733d9e9ff8a1f6ea16c5e5,USB_OTG_UTILS,-,0,1,1,0,0,1,1,0,1,0,0,0,0,0,1,0,0,0,0,0,0,0,0,
edc7cb2e955f222fe51cd44c1cf9c94d58017344,USB_PHY,AVOGMF,1,0,1,0,1,0,1,0,1,1,0,1,1,0,0,0,0,1,0,0,0,0,0,
7a875903389f3492d4cb06faa1d55a1630e77c11,CAIF_SHM,RVOMF,0,1,1,0,1,0,1,0,0,1,0,0,0,1,0,0,0,0,0,0,0,0,0,
10f5b14811023df0ba1a936b14880eabb6d9c199,EXYNOS_ADC,AVOMF,1,0,1,0,1,0,1,0,0,1,0,1,0,0,0,0,0,0,0,0,0,0,0,
0eac259db28fde88767cab5fd0380f4024e08c02,AD7923,AVOMF,1,0,1,0,1,0,1,0,0,1,0,1,0,0,0,0,0,0,0,0,0,0,0,
cddc1424f39e7c04045a6431eaf13a003fb8335a,ADT7410,RVOMF,0,1,1,0,1,0,1,0,0,1,0,0,0,1,0,0,0,0,0,0,0,0,0,
aceca2854498de7384ee7b44d8eb7820fd4c7f16,W1_SLAVE_DS2408_READBACK,AVONMF,1,0,1,0,1,0,1,0,0,0,0,0,0,0,0,0,1,0,0,0,0,0,0,
6c43e554a2a5c1f2caf1733d46719bc58de3e37b,RING_BUFFER_STARTUP_TEST,AVONMF,1,0,1,0,1,0,1,0,0,0,0,0,0,0,0,1,0,0,0,0,0,0,0,
3b4af9bc24472a9411837ad0794312028df1fbd9,DEBUG_UNCOMPRESS,AIMF,1,0,1,0,0,1,1,0,0,1,0,1,0,0,0,1,0,1,0,0,0,0,0,
615967b00fecc9e636dc59bf1ee322274f7dd041,UNCOMPRESS_INCLUDE,internal value feature change,1,0,0,1,0,1,0,1,0,0,0,0,0,0,0,0,0,0,0,0,0,0,0,
35122062bee3d6178dbcd383fa487b5b5f4d28bf,8260_PCI9,RVOAF,0,1,1,0,1,0,1,0,0,0,0,0,0,0,0,0,0,0,0,0,0,0,0,
00e6c92304ce38ff48029471c929d31a25e5cf10,HW_PERF_EVENTS,AIMF,1,0,1,0,0,1,1,0,0,1,0,0,1,0,0,1,0,0,0,0,0,0,0,
b92021b09df70c1609e3547f3d6128dd560be97f,HAVE_UNDERSCORE_SYMBOL_PREFIX,ACINMF,1,0,1,0,0,1,1,0,0,0,0,0,0,0,0,1,1,1,0,0,0,0,0,
b92021b09df70c1609e3547f3d6128dd560be97f,SYMBOL_PREFIX,internal value feature change,0,1,0,1,0,1,0,1,0,0,1,0,0,0,0,0,0,0,1,0,1,0,1,
0b85ffc293044393623059eda9904a7d5b644e36,TRACER_SNAPSHOT_PER_CPU_SWAP,AVOAF,1,0,1,0,1,0,1,0,0,0,0,0,0,0,0,0,0,0,0,0,0,0,0,
515e6dd20b3ff1acc94d026935fc4be080a224c5,USB_G_CCG,RVOMF,0,1,1,0,1,0,1,0,0,1,0,0,0,1,0,0,0,0,0,0,0,0,0,
29c9b7be7574c486534a79c45982ede00f6a25a9,DEBUG_CNS3XXX,AVOAF,1,0,1,0,1,0,1,0,0,0,0,0,0,0,0,0,0,0,0,0,0,0,0,
d353d8d4d9f0184ac43a90c6e04b593c33bd28ea,BATMAN_ADV_NC,AVOMF,1,0,1,0,1,0,1,0,0,1,0,1,0,0,0,1,0,0,0,0,0,0,0,
4afcd1db8214890a8f655a1d07d8445812e72932,MACH_AT91SAM9_DT,AVOMF,1,0,1,0,1,0,1,0,0,1,0,1,0,0,0,0,0,0,0,0,0,0,0,
4afcd1db8214890a8f655a1d07d8445812e72932,MACH_AT91SAM_DT,RVOMF,0,1,1,0,1,0,1,0,0,1,0,0,0,1,0,0,0,0,0,0,0,0,0,
f1ac922dec7ed36659344eadc65b9c06efe14d7f,DEBUG_BCM2835,AVOAF,1,0,1,0,1,0,1,0,0,0,0,0,0,0,0,0,0,0,0,0,0,0,0,
b9faa360fa2cbdccd0a56b6553362d1ada556bbb,T4240_QDS,AVOMF,1,0,1,0,1,0,1,0,0,1,0,1,1,0,0,0,0,0,0,0,0,0,0,
f8043872e79614ae9c5aaf7804e0b0ccb1932ed0,SPI_BCM2835,AVOMF,1,0,1,0,1,0,1,0,0,1,0,1,0,0,0,0,0,0,0,0,0,0,0,
5b65fc560398dd849dbe9f0df68d3934089c894a,PLAT_SPEAR_SINGLE,AVOAF,1,0,1,0,1,0,1,0,0,0,0,0,0,0,0,0,0,0,0,0,0,0,0,
5b65fc560398dd849dbe9f0df68d3934089c894a,ARCH_SPEAR_AUTO,-,1,0,1,0,0,1,1,0,0,0,0,0,0,0,0,0,0,0,0,0,0,0,0,
f165d815d50f158be43aa12c5c800fd27bbecad3,COMEDI_ADV_PCI1724,AVOMF,1,0,1,0,1,0,1,0,0,1,0,1,0,0,0,0,0,0,0,0,0,0,0,
628329d52474323938a03826941e166bc7c8eff4,INPUT_IMS_PCU,AVOMF,1,0,1,0,1,0,1,0,0,1,0,1,0,0,0,0,0,0,0,0,0,0,0,
b4a034dab147776eab8eb8b2997ea16ef0e32c17,SERIO_APBPS2,AVOMF,1,0,1,0,1,0,1,0,0,1,0,1,0,0,0,0,0,0,0,0,0,0,0,
a38884f681a4d044befd30d9f3d19a0821bae63a,VIDEOMODE_HELPERS,AIMF,1,0,1,0,0,1,1,0,0,1,0,0,1,0,0,0,1,0,0,0,0,0,0,
a38884f681a4d044befd30d9f3d19a0821bae63a,DISPLAY_TIMING,RIMF,0,1,1,0,0,1,1,0,0,1,0,0,0,0,1,0,0,0,0,0,0,0,0,
a38884f681a4d044befd30d9f3d19a0821bae63a,VIDEOMODE,RIMF,0,1,1,0,0,1,1,0,0,1,0,0,0,0,1,0,0,0,0,0,1,0,0,
a38884f681a4d044befd30d9f3d19a0821bae63a,OF_DISPLAY_TIMING,MVOFNO,0,1,1,0,1,0,1,0,0,1,0,0,0,0,1,0,0,0,0,0,0,0,0,
a38884f681a4d044befd30d9f3d19a0821bae63a,OF_VIDEOMODE,MVOFNO,0,1,1,0,1,0,1,0,0,1,0,0,0,0,1,0,0,0,0,0,1,0,0,
535f60a405a06b23ed4430d2443b1afb5aa96850,USB_DWC2,AVOGMF,1,0,1,0,1,0,1,0,1,1,0,1,0,0,0,0,0,0,0,0,0,0,0,
535f60a405a06b23ed4430d2443b1afb5aa96850,USB_DWC2_DEBUG,AVOCFF,1,0,1,0,1,0,1,0,0,0,1,0,0,0,0,0,0,0,0,0,0,0,0,
535f60a405a06b23ed4430d2443b1afb5aa96850,USB_DWC2_VERBOSE,AVOCFF,1,0,1,0,1,0,1,0,0,0,1,0,0,0,0,0,0,0,0,0,0,0,0,
535f60a405a06b23ed4430d2443b1afb5aa96850,USB_DWC2_TRACK_MISSED_SOFS,AVOAF,1,0,1,0,1,0,1,0,0,0,0,0,0,0,0,0,0,0,0,0,0,0,0,
6f98b1a250cb6055ab5dde41a181b2c9cf026bc9,NETLOGIC_XLR_NET,AVOGMF,1,0,1,0,1,0,1,0,1,1,0,1,0,0,0,0,0,0,0,0,0,0,0,
6938d75a8c1a1752f9fa7ef14a0c570036c7b73b,EXYNOS4_MCT,RIMF,0,1,1,0,0,1,1,0,0,1,0,0,0,1,0,0,0,0,0,0,0,0,0,
6938d75a8c1a1752f9fa7ef14a0c570036c7b73b,CLKSRC_EXYNOS_MCT,AIMF,1,0,1,0,0,1,1,0,0,1,0,0,1,0,0,0,0,0,0,0,0,0,0,
4fa89346fbc34750f96ec0c1b2b59b15596ab333,SND_SOC_TAS5086,AIMF,1,0,1,0,0,1,1,0,0,1,0,1,0,0,0,0,0,0,0,0,0,0,0,
cc289be8c913006a43275dfd8ed4ac56b43140a8,SND_SOC_AK5386,AIMF,1,0,1,0,0,1,1,0,0,1,0,1,0,0,0,0,0,0,0,0,0,0,0,
405fea1c6691eb8259f2ca879c9348a4cf5d898d,CHARGER_PM2301,MVOFNO,0,1,1,0,1,0,1,0,0,1,0,0,0,0,1,0,0,0,0,1,0,0,0,
266c347924f59b642d0f016e7f9891fdd7463108,DEBUG_NOMADIK_UART,AVOAF,1,0,1,0,1,0,1,0,0,0,0,0,0,0,0,0,0,0,0,0,0,0,0,
753f993911b32e479b4fab5d228dc07c11d1e7e7,NET_TEAM_MODE_RANDOM,AVOMF,1,0,1,0,1,0,1,0,0,1,0,1,0,0,0,0,0,0,0,0,0,0,0,
48e29340d54104ab0d8f995f32485e28ff00e59e,IWLWIFI_OPMODE_MODULAR,ACINMF,1,0,1,0,0,1,1,0,0,0,0,0,0,0,0,1,0,0,0,0,0,0,0,
c1fcd403ced3ad0d63418cc1120e1562283b16ce,SAMSUNG_HRT,AIMF,1,0,1,0,0,1,1,0,0,1,0,0,1,0,0,0,0,0,0,0,0,0,0,
c1fcd403ced3ad0d63418cc1120e1562283b16ce,S5P_HRT,RIMF,0,1,1,0,0,1,1,0,0,1,0,0,0,1,0,0,0,0,0,0,0,0,0,
67e2cba459a3780c283113808a07adea92762f86,ZCACHE_DEBUG,FCFTVOF,1,0,1,0,1,0,1,0,0,0,0,0,0,0,0,0,0,1,0,0,0,0,0,
6276a074c6519946c527f03e2ab69770a62652d9,HYPERVISOR_GUEST,FCUTVOF,1,0,1,0,1,0,1,0,0,1,0,0,1,0,0,1,1,0,0,0,0,0,0,
6276a074c6519946c527f03e2ab69770a62652d9,PARAVIRT_GUEST,RVOAF,0,1,1,0,1,0,1,0,0,0,0,0,0,0,0,0,0,0,0,0,0,0,0,
9d1906e61dda982070e3910a04d9cce050f7f1a4,SW_SYNC,AVOMF,1,0,1,0,1,0,1,0,0,1,0,1,0,0,0,0,0,0,0,0,0,0,0,
9d1906e61dda982070e3910a04d9cce050f7f1a4,SW_SYNC_USER,AVONMF,1,0,1,0,1,0,1,0,0,0,0,0,0,0,0,1,0,0,0,0,0,0,0,
7ad530bf2499c702a6dcbb279cf78b76845ed584,SYNC,AVOMF,1,0,1,0,1,0,1,0,0,1,0,1,0,0,0,0,0,0,0,0,0,0,0,
22d1a35da0e247a006c286842a1846acb4ffed4f,HAVE_SYSCALL_WRAPPERS,RCINMF,0,1,1,0,0,1,1,0,0,0,0,0,0,0,0,0,0,0,1,0,1,0,0,
ca81a1a1b8d79dd6706c9463a81e9491e940ca2b,CRYPTO_CRC32C_X86_64,RIMF,0,1,1,0,0,1,1,0,0,1,0,0,0,0,1,0,0,0,0,0,0,0,0,
bc7dea00a9a0ea385bbc4aed67dfdcf7d8879953,CPU_THUMBONLY,ACINMF,1,0,1,0,0,1,1,0,0,0,0,0,0,0,0,1,0,1,0,0,0,0,0,